{"_timestamp":1.7685946394877694e+09,"training_statistics":{"format":"png","width":1500,"height":500,"_type":"image-file","sha256":"96f784e08e9dc6188c1097c46d6dc2d3e2eaadc434508b39f0baa627fafe8e80","size":57542,"path":"media/images/training_statistics_4690_96f784e08e9dc6188c10.png"},"_wandb":{"runtime":37},"_runtime":37,"_step":4690,"train_loss":0.3608382046222687,"train_accuracy":0.8125}