{"_timestamp":1.7685938062738137e+09,"_step":4690,"_wandb":{"runtime":29},"_runtime":29.10885706,"train_loss":0.3608382046222687,"train_accuracy":0.8125}